"category","subcategory","company_name","cf_id","last_name","first_name"
"film & video","animation","Acevedo-Huffman",1903,"Torres","Andrew"
"film & video","animation","Braun PLC",1909,"Bruce","Dionigi"
"film & video","animation","Clark-Cooke",2303,"Goodwin","Sheila"
"film & video","animation","Cochran-Nguyen",2550,"Girard","Martha"
"film & video","animation","Delgado-Hatfield",2530,"Benigni","Suzanne"
"film & video","animation","Ellison PLC",2435,"Tafuri","Camille"
"film & video","animation","Fischer, Fowler and Arnold",2254,"Curiel","Fulvio"
"film & video","animation","Green, Murphy and Webb",531,"Bradley","Tim"
"film & video","animation","Green, Robinson and Ho",877,"Guilbert","Debbie"
"film & video","animation","Hale-Hayes",1813,"Aponte","Eleni"
"film & video","animation","Hampton, Lewis and Ray",2656,"Walker","Greco"
"film & video","animation","Hansen Group",516,"Travaglia","Victoire"
"film & video","animation","Haynes-Williams",742,"Lomeli","Swantje"
"film & video","animation","Huang-Henderson",1400,"Metz","Tracy"
"film & video","animation","Hunt LLC",670,"Redi","Lucie"
"film & video","animation","Joyce PLC",3138,"Carbajal","Tobias"
"film & video","animation","Lamb-Sanders",1941,"Amaya","Douglas"
"film & video","animation","Lee, Ali and Guzman",296,"Nicolas","Tony"
"film & video","animation","Martinez PLC",1294,"Marty","Luce"
"film & video","animation","Mayer-Richmond",1620,"Lucas","Giulietta"
"film & video","animation","Mckee-Hill",1634,"Lemus","Alvaro"
"film & video","animation","Morales Group",2450,"Chan","Kimberly"
"film & video","animation","Moss-Guzman",2862,"Santana","Elliot"
"film & video","animation","Myers LLC",1195,"Garnier","Frances"
"film & video","animation","Peterson, Fletcher and Sanchez",1589,"Hubert","Marianne"
"film & video","animation","Pham, Avila and Nash",135,"Bates","Alf"
"film & video","animation","Pineda Group",905,"Carlier","Giampiero"
"film & video","animation","Ramirez Group",1598,"Randall","Berthold"
"film & video","animation","Reid, Rivera and Perry",2712,"Rosas","Patrick"
"film & video","animation","Rosario-Smith",1281,"Patrick","Gunar"
"film & video","animation","Rush-Bowers",563,"Nicholson","Guillermina"
"film & video","animation","Salazar-Moon",684,"Molina","Kornelius"
"film & video","animation","Williams and Sons",422,"Cuellar","Angelica"
"film & video","animation","Yu and Sons",30,"Bottaro","Samira"
"film & video","documentary","Alvarez-Andrews",1485,"Jacobs","Victor"
"film & video","documentary","Avery, Brown and Parker",1956,"Folliero","Steven"
"film & video","documentary","Bailey and Sons",313,"Bennett","Marcantonio"
"film & video","documentary","Baker, Collins and Smith",1405,"Wright","Modesto"
"film & video","documentary","Barnes, Wilcox and Riley",2160,"Monnier","Leif"
"film & video","documentary","Bautista-Cross",321,"Techer","Riza"
"film & video","documentary","Beck-Weber",2780,"Ferguson","Jared"
"film & video","documentary","Brown-Mckee",1257,"Vespucci","Zachary"
"film & video","documentary","Brown Group",42,"Gehringer","Nayeli"
"film & video","documentary","Caldwell LLC",2660,"Peters","Evangelos"
"film & video","documentary","Clark and Sons",283,"Smith","Alex"
"film & video","documentary","Cole, Smith and Wood",2665,"Watson","Penny"
"film & video","documentary","Collins-Martinez",2029,"Galarza","Ellie"
"film & video","documentary","Cummings-Hayes",1847,"Carpenter","Isidor"
"film & video","documentary","Davis-Gonzalez",2736,"Marques","Ottfried"
"film & video","documentary","Decker Inc",2015,"Cunningham","Kyle"
"film & video","documentary","Fleming-Oliver",2905,"Langlois","Debra"
"film & video","documentary","Freeman-French",1521,"Kroker","Grace"
"film & video","documentary","Gray-Jenkins",1825,"Cole","Katelyn"
"film & video","documentary","Green-Carr",56,"Davidson","Lucy"
"film & video","documentary","Hayes Group",663,"Delaunay","Lore"
"film & video","documentary","Hunt Group",1929,"Avila","Gabriella"
"film & video","documentary","Jackson Inc",225,"Flores","Casey"
"film & video","documentary","Jackson PLC",1173,"Camacho","Dustin"
"film & video","documentary","Jackson PLC",1739,"Rust","Ottavio"
"film & video","documentary","Kelley, Stanton and Sanchez",306,"Scott","Edward"
"film & video","documentary","Lane, Ryan and Chapman",675,"Mills","Stanley"
"film & video","documentary","Lyons Inc",1533,"Ricciardi","Christiane"
"film & video","documentary","Mahoney, Adams and Lucas",2906,"Sharp","Rita"
"film & video","documentary","Maldonado and Sons",1546,"Long","Gian"
"film & video","documentary","Marshall Inc",896,"Barker","Heidi"
"film & video","documentary","Mccann-Le",699,"Petrocelli","Gail"
"film & video","documentary","Murillo-Mcfarland",1068,"Bonomo","Sylvia"
"film & video","documentary","Nixon Inc",1879,"Murialdo","Margaretha"
"film & video","documentary","Noble-Bailey",705,"Stiebitz","Brigitte"
"film & video","documentary","Ortiz, Coleman and Mitchell",1894,"Murray","Carolina"
"film & video","documentary","Park-Goodman",800,"Aporti","Deanna"
"film & video","documentary","Peterson PLC",1077,"Greggio","Corey"
"film & video","documentary","Pierce-Ramirez",2267,"Schmiedt","Eraldo"
"film & video","documentary","Potter, Harper and Everett",694,"Pratesi","Stephen"
"film & video","documentary","Powell and Sons",1165,"Owens","Giacobbe"
"film & video","documentary","Ray, Li and Li",337,"Wong","Natividad"
"film & video","documentary","Rodriguez-Hansen",398,"Anguillara","Nuray"
"film & video","documentary","Sanchez-Morgan",3014,"Junk","Mitzy"
"film & video","documentary","Sanchez LLC",682,"Georges","Amy"
"film & video","documentary","Smith-Hill",1876,"Cisneros","Patrizio"
"film & video","documentary","Smith-Nguyen",550,"Toussaint","Erika"
"film & video","documentary","Smith-Ramos",1131,"Riley","Amador"
"film & video","documentary","Stewart-Coleman",197,"Rodriguez","Tina"
"film & video","documentary","Tapia, Sandoval and Hurley",2638,"Alcaraz","Gianmarco"
"film & video","documentary","Thomas-Simmons",1840,"Rowe","Jordan"
"film & video","documentary","Thompson-Bates",2726,"Gemito","Irma"
"film & video","documentary","Walsh-Watts",2084,"Irizarry","Morgan"
"film & video","documentary","Warren Ltd",968,"Cross","Calogero"
"film & video","documentary","Whitaker, Wallace and Daniels",2976,"George","Herlinde"
"film & video","documentary","Williams and Sons",1052,"Summers","Carly"
"film & video","documentary","Williams, Price and Hurley",1024,"Scheibe","Joshua"
"film & video","documentary","Wilson Group",3184,"Ornelas","Leah"
"film & video","documentary","Wilson, Hall and Osborne",3111,"Posada","Dimitri"
"film & video","documentary","Wong-Walker",1532,"Tschentscher","Vanessa"
"film & video","drama","Barnes-Williams",2882,"Reeves","Caroline"
"film & video","drama","Becker-Scott",284,"Zaccagnini","Katharine"
"film & video","drama","Best, Miller and Thomas",1060,"Holt","Uriel"
"film & video","drama","Briggs PLC",565,"Cuzzocrea","Meta"
"film & video","drama","Brooks-Rodriguez",526,"Lutz","Wolf"
"film & video","drama","Brown-Williams",1715,"Baeza","Diether"
"film & video","drama","Callahan-Gilbert",665,"Grassi","Senta"
"film & video","drama","Clark, Mccormick and Mendoza",458,"Wells","Emiliano"
"film & video","drama","Cole, Salazar and Moreno",1443,"Moses","Luca"
"film & video","drama","Collins LLC",2208,"Petitjean","Luciana"
"film & video","drama","Green Ltd",2340,"Thompson","Tatiana"
"film & video","drama","Hardin-Dixon",141,"Heidrich","Jacques"
"film & video","drama","Harmon-Madden",746,"Laurent","Lothar"
"film & video","drama","Holmes PLC",1159,"Macias","Carl"
"film & video","drama","Kim Ltd",1950,"Hardy","Sandra"
"film & video","drama","King Inc",514,"Jaime","Kasimir"
"film & video","drama","Luna, Anderson and Fox",1459,"Boaga","Dennis"
"film & video","drama","Miranda, Martinez and Lowery",1935,"Corrales","Sue"
"film & video","drama","Mitchell and Sons",2871,"Hunt","Stewart"
"film & video","drama","Moore Group",1071,"Rousseau","Rochus"
"film & video","drama","Moore, Cook and Wright",52,"Saunders","Mauricio"
"film & video","drama","Morris Group",1383,"Maestas","Mathew"
"film & video","drama","Morrow Inc",439,"Renner","Julio"
"film & video","drama","Olsen-Ryan",2099,"Caldwell","Guglielmo"
"film & video","drama","Ortiz-Roberts",1561,"Sanders","Vincentio"
"film & video","drama","Perry and Sons",593,"Brambilla","Michele"
"film & video","drama","Reeves, Thompson and Richardson",118,"Alcala","Lina"
"film & video","drama","Rivera-Pearson",218,"Tanguy","Giuseppina"
"film & video","drama","Rodriguez-Patterson",2773,"Babati","Arcelia"
"film & video","drama","Rogers, Jacobs and Jackson",2965,"Roht","Astrid"
"film & video","drama","Sanchez-Parsons",1524,"Zamorani","Kathy"
"film & video","drama","Smith-Jones",2309,"Thomas","Abdul"
"film & video","drama","Taylor, Cisneros and Romero",476,"Nitto","Alphonse"
"film & video","drama","Terry-Salinas",1103,"Reinhardt","Conor"
"film & video","drama","Vasquez Inc",3042,"Granados","Trevor"
"film & video","drama","Wilson Ltd",2775,"Ackermann","Pauline"
"film & video","drama","Woods Inc",47,"Polanco","Helen"
"film & video","science fiction","Boyle Ltd",1994,"Zoppetto","Marie"
"film & video","science fiction","Cummings Inc",1691,"Howe","Marvin"
"film & video","science fiction","Davis LLC",175,"Heser","Martina"
"film & video","science fiction","Hogan, Porter and Rivera",88,"Scaduto","Pierpaolo"
"film & video","science fiction","Lam-Hamilton",1278,"Barrios","Jill"
"film & video","science fiction","Lester-Moore",286,"Olmos","Hermelinda"
"film & video","science fiction","Martinez-Johnson",359,"Ingram","Alfredo"
"film & video","science fiction","Montgomery-Castro",1973,"Brun","Alyssa"
"film & video","science fiction","Moore, Dudley and Navarro",3030,"Guillaume","Lauren"
"film & video","science fiction","Rose-Fuller",50,"Mason","Clinton"
"film & video","science fiction","Russo, Kim and Mccoy",1193,"Carrero","Marzena"
"film & video","science fiction","Saunders Ltd",783,"Vallee","Laszlo"
"film & video","science fiction","Schultz Inc",1369,"Begum","Charles"
"film & video","science fiction","Wood Inc",1475,"Oestrovsky","Carmen"
"film & video","shorts","Cline, Peterson and Lowery",2021,"Swanson","Folker"
"film & video","shorts","Cooper Inc",2488,"Farrell","Danny"
"film & video","shorts","Fox Group",1215,"Bien","Nino"
"film & video","shorts","Garcia Group",2676,"Perez","Philip"
"film & video","shorts","Johnson, Parker and Haynes",1345,"Madrid","Marina"
"film & video","shorts","Mills, Frazier and Perez",583,"Franceschi","Linda"
"film & video","shorts","Miranda, Gray and Hale",499,"Eigenwillig","Margaret"
"film & video","shorts","Price-Rodriguez",817,"Baxter","Joanna"
"film & video","shorts","Ruiz, Richardson and Cole",1509,"Dumas","Babette"
"film & video","shorts","Simmons-Villarreal",48,"Respighi","Homero"
"film & video","shorts","Solomon PLC",1335,"Vigorelli","Gordon"
"film & video","shorts","Stevenson-Thompson",2820,"Galeati","Abbie"
"film & video","shorts","Tran, Steele and Wilson",320,"Elliott","James"
"film & video","shorts","Underwood, James and Jones",1473,"Montez","Ashleigh"
"film & video","shorts","Wang, Koch and Weaver",495,"Martineau","Irina"
"film & video","shorts","Wilson and Sons",2729,"Blanchard","Romana"
"film & video","television","Bailey PLC",2745,"Ferreira","Leonor"
"film & video","television","Barrett Inc",267,"Lira","Marion"
"film & video","television","Bowen, Davies and Burns",1234,"Morin","Regina"
"film & video","television","Chaney-Dennis",2300,"Bruder","Robert"
"film & video","television","Davis-Johnson",936,"Leveque","Melanie"
"film & video","television","Garner and Sons",843,"Delattre","Eduardo"
"film & video","television","Harrington-Harper",956,"Godfrey","Kathrin"
"film & video","television","Harrison, Blackwell and Mendez",300,"Barbier","Alban"
"film & video","television","Mack Ltd",1484,"Ferrante","Marcela"
"film & video","television","Miles and Sons",2162,"Richard","Marisol"
"film & video","television","Miller-Poole",1689,"Kidd","Hanne"
"film & video","television","Riggs Group",1873,"Leconte","Tom"
"film & video","television","Romero and Sons",1179,"Carpentier","Anel"
"film & video","television","Ross, Kelly and Brown",213,"Pons","Brent"
"film & video","television","Santos-Young",596,"Paz","Dorothe"
"film & video","television","Smith-Gonzalez",3051,"Payne","Pamela"
"film & video","television","Taylor, Johnson and Hernandez",1151,"Arnold","Korinna"
"food","food trucks","Alexander-Williams",2228,"Cundari","Emily"
"food","food trucks","Ayala, Crawford and Taylor",1439,"Harding","Yvette"
"food","food trucks","Baker Ltd",1559,"Day","Jenna"
"food","food trucks","Baldwin, Riley and Jackson",147,"Velasco","Cecilia"
"food","food trucks","Brown-George",349,"Coles","Julie"
"food","food trucks","Brown-Oliver",1447,"Bajardi","Graham"
"food","food trucks","Castillo-Carey",2568,"Davis","Sarah"
"food","food trucks","Davis and Sons",2201,"Hopkins","Bertrand"
"food","food trucks","Davis Ltd",1814,"Vespa","Trinidad"
"food","food trucks","Estrada Group",2734,"Osborne","Dino"
"food","food trucks","Gonzalez-White",1755,"Legendre","Albert"
"food","food trucks","Gordon, Mendez and Johnson",766,"Fischer","Celal"
"food","food trucks","Harris, Medina and Mitchell",3098,"Venier","Ria"
"food","food trucks","Harris, Russell and Mitchell",3209,"Zito","Paulo"
"food","food trucks","Hensley Ltd",553,"Rosenow","Burghard"
"food","food trucks","Henson PLC",1067,"Montenegro","Milan"
"food","food trucks","Hernandez, Norton and Kelley",1788,"Hess","Michelangelo"
"food","food trucks","Ho-Harris",2765,"Kuhl","Megan"
"food","food trucks","Hobbs, Brown and Lee",2467,"Foconi","Aimee"
"food","food trucks","Huff LLC",966,"Papafava","Elvira"
"food","food trucks","Johnson Group",1432,"Becerra","Francisca"
"food","food trucks","Jones-Riddle",1003,"Bishop","Janko"
"food","food trucks","Kane, Pruitt and Rivera",2948,"Green","Dario"
"food","food trucks","Landry Inc",37,"Vollbrecht","Walburga"
"food","food trucks","Long-Greene",3153,"Ali","Julia"
"food","food trucks","Manning-Hamilton",2986,"Noack","Whitney"
"food","food trucks","Martin-Marshall",2991,"Nerger","Ernesto"
"food","food trucks","Martin, Lee and Armstrong",427,"Lettiere","Hansjoachim"
"food","food trucks","Mcknight-Freeman",509,"Rogner","Diane"
"food","food trucks","Miller, Glenn and Adams",2978,"Junken","Galasso"
"food","food trucks","Morgan-Martinez",990,"Olivier","Seth"
"food","food trucks","Parker, Haley and Foster",76,"Scholtz","Pierangelo"
"food","food trucks","Perry and Sons",343,"Abbagnale","Brandi"
"food","food trucks","Peterson, Gonzalez and Spencer",1437,"Connolly","Randall"
"food","food trucks","Ramirez LLC",3019,"Bibi","Rolando"
"food","food trucks","Ramsey and Sons",524,"Tessier","Javier"
"food","food trucks","Rose-Silva",2049,"Guyon","Antoine"
"food","food trucks","Stafford, Hess and Raymond",2499,"Gute","Maurizio"
"food","food trucks","Stewart LLC",873,"Peltier","Rosie"
"food","food trucks","Thomas, Welch and Santana",2654,"Miniati","Beth"
"food","food trucks","Vargas-Cox",2931,"Paul","Rosa"
"food","food trucks","Werner-Bryant",1175,"Zavala","Adam"
"food","food trucks","Williams-Santos",2313,"Laporte","Piermaria"
"food","food trucks","Williams and Sons",1387,"Ruppert","Fidel"
"food","food trucks","Wright-Bryant",2599,"Ravaglioli","Maura"
"food","food trucks","Wright, Hartman and Yu",1211,"Canali","Melissa"
"games","mobile games","Dawson-Tyler",2490,"Celentano","Giada"
"games","mobile games","Fischer, Torres and Walker",1203,"Beck","Gianluca"
"games","mobile games","Freeman-Ferguson",2098,"Mcdonald","Matthieu"
"games","mobile games","Hoffman-Howard",146,"Jacquot","Carlo"
"games","mobile games","Hogan Ltd",558,"Solimena","Kathleen"
"games","mobile games","Holder, Caldwell and Vance",1010,"Russell","Hailey"
"games","mobile games","Johnson-Lee",1599,"Maldonado","Constance"
"games","mobile games","Mcmillan Group",1572,"Armas","Chantal"
"games","mobile games","Nelson-Valdez",2600,"Ryan","Colette"
"games","mobile games","Roberts and Sons",1717,"Collazo","Eddie"
"games","mobile games","Vega Group",2484,"Martinez","Jessica"
"games","mobile games","Wang-Rodriguez",969,"Blot","Gabino"
"games","mobile games","Young, Gilbert and Escobar",241,"Marsh","Nelly"
"games","video games","Arias, Allen and Miller",1668,"Ward","Oreste"
"games","video games","Bailey, Nguyen and Martinez",25,"Boyer","Edeltrud"
"games","video games","Berger, Johnson and Marshall",980,"Phillips","Rhonda"
"games","video games","Berry-Richardson",65,"Perrin","Svenja"
"games","video games","Brady Ltd",784,"Mccarty","Jo"
"games","video games","Bridges, Freeman and Kim",202,"Solorzano","Raymond"
"games","video games","Brown-Brown",1490,"Carter","Kelly"
"games","video games","Bryant-Pope",3143,"Duarte","Walther"
"games","video games","Buck-Khan",589,"Gaito","Marissa"
"games","video games","Buckley Group",1550,"Gaona","Petros"
"games","video games","Caldwell, Velazquez and Wilson",821,"Gay","Cilly"
"games","video games","Cuevas-Morales",3208,"Miles","Julien"
"games","video games","Fields Ltd",890,"Vargas","Pam"
"games","video games","Gallegos Inc",2177,"Reid","Hanna"
"games","video games","Jensen LLC",1917,"Leonardi","Gaetano"
"games","video games","Johnson-Morales",2103,"Hornich","Logan"
"games","video games","Johnson Inc",1926,"Niemeier","Liberto"
"games","video games","Johnson, Murphy and Peterson",1135,"Comencini","Pomponio"
"games","video games","Mendoza-Parker",1980,"Leonard","Lilla"
"games","video games","Miranda, Hall and Mcgrath",1632,"Robles","Gabriel"
"games","video games","Page, Holt and Mack",1327,"Ughi","Stefani"
"games","video games","Perez, Davis and Wilson",1971,"Alfonsi","Adela"
"games","video games","Pineda Ltd",2097,"Trommler","Jeffrey"
"games","video games","Porter-George",2909,"Gerlach","Roger"
"games","video games","Price and Sons",2393,"Passalacqua","Pina"
"games","video games","Robinson Group",1672,"Galindo","Anita"
"games","video games","Santos, Bell and Lloyd",1527,"Bohlander","Giulio"
"games","video games","Sawyer, Horton and Williams",2274,"Glover","Joseph"
"games","video games","Schroeder Ltd",2224,"Rich","Valeria"
"games","video games","Smith-Kennedy",1920,"Saraceno","Florentine"
"games","video games","Sutton, Barrett and Tucker",2067,"Foster","Abigail"
"games","video games","Velazquez, Hunt and Ortiz",1315,"Boito","Maggie"
"games","video games","Williams-Walsh",975,"Cooper","Madeleine"
"games","video games","Williams, Johnson and Campbell",640,"Ramirez","Terry"
"games","video games","Willis and Sons",1911,"Kruschwitz","Mathilde"
"journalism","audio","Giles-Smith",602,"Mohaupt","Monica"
"journalism","audio","Little Ltd",2448,"Hooper","Margrit"
"journalism","audio","Valenzuela-Cook",1388,"Pausini","Alexander"
"journalism","audio","Young and Sons",1095,"Harvey","Leonard"
"music","electric music","Bright and Sons",2004,"Hunter","Annie"
"music","electric music","Craig, Ellis and Miller",733,"Knight","Grit"
"music","electric music","Douglas LLC",253,"Raya","Sally"
"music","electric music","Ferguson PLC",2685,"Peacock","Jamie"
"music","electric music","Fitzgerald PLC",1239,"Poirier","Christopher"
"music","electric music","Fox-Williams",1659,"Castillo","Cindy"
"music","electric music","Frye, Hunt and Powell",393,"Alvarez","Nathalie"
"music","electric music","Palmer Inc",3039,"Ritacca","Dana"
"music","electric music","Parker LLC",1090,"Schweitzer","Irmi"
"music","electric music","Ramos and Sons",985,"Watkins","Israel"
"music","electric music","Rangel, Holt and Jones",970,"Ladeck","Danielle"
"music","electric music","Richardson Inc",1401,"Burke","Jutta"
"music","electric music","Rodriguez PLC",1519,"Hethur","Gianfranco"
"music","electric music","Santos Group",2394,"Kaiser","Nico"
"music","electric music","Smith and Sons",2536,"Hernandez","Gino"
"music","electric music","Wang, Nguyen and Horton",179,"Gutierrez","Lando"
"music","electric music","Webb-Smith",810,"Traetta","Laure"
"music","electric music","West-Stevens",2182,"Morton","Gloria"
"music","indie rock","Acosta, Mullins and Morris",1635,"Iannelli","Terri"
"music","indie rock","Avila-Jones",2465,"Lerma","Natalie"
"music","indie rock","Avila, Ford and Welch",726,"Verdier","Leokadia"
"music","indie rock","Bowen, Mcdonald and Hall",64,"Stein","Gioffre"
"music","indie rock","Burnett-Mora",68,"Gallegos","Rufino"
"music","indie rock","Calhoun, Rogers and Long",3195,"Hayes","Nancy"
"music","indie rock","Christian, Kim and Jimenez",1062,"Lamy","Kirsty"
"music","indie rock","Collier LLC",3061,"Lombard","Eitel"
"music","indie rock","Cruz Ltd",764,"Kline","Antonia"
"music","indie rock","Dunn, Moreno and Green",2929,"Tejada","Yeni"
"music","indie rock","Gardner Inc",2392,"Conley","Lodovico"
"music","indie rock","Guerrero, Flores and Jenkins",3168,"Durand","Bernard"
"music","indie rock","Guzman Group",80,"Etzler","Toby"
"music","indie rock","Harris-Perry",2545,"Marie","Federico"
"music","indie rock","Harrison-Bridges",1807,"Gotthard","Raphaela"
"music","indie rock","Hensley Ltd",3158,"Canales","Paula"
"music","indie rock","Hernandez Group",2915,"Evans","Gilberto"
"music","indie rock","Hill, Lawson and Wilkinson",2181,"Etienne","Briana"
"music","indie rock","Holt, Bernard and Johnson",2082,"Watts","Cilli"
"music","indie rock","Johnson-Pace",2711,"Pages","Valentina"
"music","indie rock","Jones-Ryan",342,"Gertz","Aurelio"
"music","indie rock","Leblanc-Pineda",1409,"Ocasio","Arnaldo"
"music","indie rock","Little-Marsh",116,"Arreola","Karina"
"music","indie rock","Lloyd, Kennedy and Davis",735,"Gallet","Laetitia"
"music","indie rock","Macias Inc",1169,"Draghi","Istvan"
"music","indie rock","Matthews LLC",335,"Trapanese","Mark"
"music","indie rock","Meyer-Avila",1699,"Medina","Tadeusz"
"music","indie rock","Morgan-Warren",2691,"Pottier","Benita"
"music","indie rock","Morrison-Henderson",1436,"Leblanc","Dale"
"music","indie rock","Payne, Oliver and Burch",2757,"Todd","Mehdi"
"music","indie rock","Ramirez-Myers",2087,"Herve","Alberico"
"music","indie rock","Ritter PLC",2704,"Klemm","Melania"
"music","indie rock","Robinson Group",255,"Soto","Soledad"
"music","indie rock","Rodriguez-Brown",625,"Mangold","Steffen"
"music","indie rock","Rodriguez, Rose and Stewart",1683,"White","Reinhilde"
"music","indie rock","Sanders LLC",1336,"Cantu","Hugh"
"music","indie rock","Schmidt-Gomez",1653,"Meunier","Jessika"
"music","indie rock","Smith-Smith",1260,"Stout","Yvonne"
"music","indie rock","Smith, Wells and Nguyen",2912,"Lowery","Abril"
"music","indie rock","Summers, Gallegos and Stein",1458,"Bolnbach","Timoteo"
"music","indie rock","Taylor, Santiago and Flores",2175,"Comolli","Gareth"
"music","indie rock","Thomas, Clay and Mendoza",2250,"Armstrong","Clara"
"music","indie rock","Turner, Scott and Gentry",842,"Armani","Gary"
"music","indie rock","Walker, Taylor and Coleman",671,"Morris","Lotti"
"music","indie rock","Wilson, Brooks and Clark",1646,"Barnes","Eric"
"music","jazz","Best-Young",2444,"Blasi","Christelle"
"music","jazz","Cole LLC",647,"Alexander","Rafael"
"music","jazz","Collins-Goodman",1556,"Lacombe","Miranda"
"music","jazz","Cook-Ortiz",2575,"Bonnet","Luigi"
"music","jazz","Daniel-Luna",2110,"Fiebig","Courtney"
"music","jazz","Davis Ltd",2089,"Kostolzin","Alwine"
"music","jazz","Franklin Inc",1423,"Kade","Francesca"
"music","jazz","Johnson Group",569,"Guzman","Leonardo"
"music","jazz","King-Nguyen",2349,"Juvara","Jasmine"
"music","jazz","Owens, Hall and Gonzalez",308,"Guerrero","Gerdi"
"music","jazz","Shannon Ltd",2314,"Schultz","Benjamin"
"music","jazz","Smith-Brown",2504,"Montes","Gonzalo"
"music","jazz","Smith Group",2747,"Mende","Marisela"
"music","jazz","Stevens Inc",2371,"Weitzel","Timothy"
"music","jazz","Wilson, Wilson and Mathis",1805,"Hartmann","Bethany"
"music","jazz","Wright, Brooks and Villarreal",1057,"Gibson","Antonio"
"music","jazz","Young PLC",3129,"Ammaniti","Krystal"
"music","metal","Davis-Michael",747,"Schuchhardt","Diana"
"music","metal","Garcia Ltd",2836,"Dijoux","Giorgia"
"music","metal","Jones, Taylor and Moore",378,"Christian","Nicholas"
"music","metal","Lutz Group",2663,"Bernetti","Nicolaus"
"music","metal","Marquez-Kerr",1277,"Harrell","Ricky"
"music","metal","Roberts, Hinton and Williams",467,"Nohlmans","Carole"
"music","metal","Sandoval Group",1221,"Jacob","Lara"
"music","rock","Allen-Curtis",2404,"Stadelmann","Venancio"
"music","rock","Allen-Jones",1204,"Accardo","Ivan"
"music","rock","Anderson Group",2470,"Cooley","Katherine"
"music","rock","Best, Carr and Williams",2502,"Odonnell","Evelin"
"music","rock","Blair Inc",2918,"Best","Alexandria"
"music","rock","Brown, Palmer and Pace",2588,"Liguori","Rembrandt"
"music","rock","Cardenas, Thompson and Carey",2205,"Faure","Andrey"
"music","rock","Carlson Inc",2824,"Moran","Sandro"
"music","rock","Carney-Anderson",805,"Yoder","Flavia"
"music","rock","Casey-Kelly",2389,"Vogt","Peter"
"music","rock","Chan, Washington and Callahan",2408,"Anaya","Aaron"
"music","rock","Chase, Garcia and Johnson",641,"Dawson","Mirjam"
"music","rock","Clements Group",913,"Savorgnan","Thibault"
"music","rock","Dominguez-Owens",1780,"Gauthier","Volkmar"
"music","rock","Dougherty, Austin and Mills",2215,"Pechel","Geronimo"
"music","rock","Dyer Inc",3200,"Baca","Wilfriede"
"music","rock","English-Mccullough",1698,"Valentine","Romina"
"music","rock","Evans-Jones",2285,"Bartlett","Kristy"
"music","rock","Farrell and Sons",2311,"Ungaretti","Celia"
"music","rock","Ferguson, Murphy and Bright",507,"Luzi","Giustino"
"music","rock","Fox-Quinn",894,"Fraser","Herbert"
"music","rock","Gallegos-Cobb",1760,"Benedetti","Allegra"
"music","rock","Glass, Baker and Jones",1069,"Monti","Jorge"
"music","rock","Gomez, Bailey and Flores",1610,"Hauffer","Anthony"
"music","rock","Gray-Davis",807,"Mota","Siegrun"
"music","rock","Hill, Martin and Garcia",1955,"Contarini","Olivie"
"music","rock","Hogan Group",1226,"Pruvost","Michela"
"music","rock","Hood, Perez and Meadows",1719,"Steele","Uberto"
"music","rock","Howell, Myers and Olson",1016,"Poulain","Raisa"
"music","rock","Hull, Baker and Martinez",777,"Bachmann","Mitchell"
"music","rock","Johns PLC",304,"Valentin","Magarete"
"music","rock","Jones-Martin",2592,"Trapp","Veronica"
"music","rock","Jordan-Acosta",3176,"Arellano","Ludovica"
"music","rock","Keith, Alvarez and Potter",2427,"Brookes","Silvester"
"music","rock","Lawrence Group",2612,"Albert","Walli"
"music","rock","Logan-Curtis",2247,"Potter","Mason"
"music","rock","Logan-Miranda",2505,"Mena","Kata"
"music","rock","Long, Morgan and Mitchell",611,"Martin","Eugenio"
"music","rock","Lucas-Mullins",2741,"Liebelt","Patricia"
"music","rock","Marsh-Coleman",1898,"Briand","Genaro"
"music","rock","Martinez-Juarez",1654,"Camarillo","Thibaut"
"music","rock","Martinez, Garza and Young",653,"Huynh","Marta"
"music","rock","Mason-Smith",669,"Avogadro","Karen"
"music","rock","Mcdonald, Gonzalez and Ross",2156,"Iannotti","Jeanette"
"music","rock","Mcgee Group",1194,"Henderson","Joanne"
"music","rock","Meza-Rogers",174,"Gonzalez","Roman"
"music","rock","Miller-Irwin",336,"Gritti","Benito"
"music","rock","Mitchell-Lee",2782,"Bolzmann","Giuliano"
"music","rock","Mora, Miller and Harper",289,"Grant","Kristi"
"music","rock","Mueller-Harmon",1372,"Warren","Corrado"
"music","rock","Murphy LLC",864,"Patberg","Sonja"
"music","rock","Murray Ltd",3182,"Freeman","Anna"
"music","rock","Nunez-King",2925,"Puga","Ehrentraud"
"music","rock","Nunez Inc",642,"Gray","Catherine"
"music","rock","Odom Inc",1621,"Ellis","Mariana"
"music","rock","Padilla-Porter",305,"Pugh","Annalisa"
"music","rock","Perry PLC",2889,"Bernier","Francis"
"music","rock","Peterson Ltd",3165,"Harrison","Ugo"
"music","rock","Ramirez LLC",2632,"Norbiato","Bettina"
"music","rock","Robbins and Sons",2635,"Fox","Roy"
"music","rock","Rogers, Huerta and Medina",1134,"Mccullough","Nicole"
"music","rock","Rosales, Branch and Harmon",614,"Allen","Pellegrino"
"music","rock","Rowe-Wong",3145,"Ovadia","Rouven"
"music","rock","Sanchez, Bradley and Flores",1883,"Finetti","Alfonso"
"music","rock","Shaffer-Mason",2464,"Negrete","Holly"
"music","rock","Smith-Miller",3136,"Cavazos","Ron"
"music","rock","Smith-Reid",1792,"Bowers","Angela"
"music","rock","Stewart and Sons",2136,"Lang","Henriette"
"music","rock","Stewart LLC",1237,"Cabrera","Geraldine"
"music","rock","Sullivan Group",2159,"Valdivia","Elizabeth"
"music","rock","Taylor Inc",1859,"Richardson","Leone"
"music","rock","Turner, Young and Collins",2090,"Gollum","Hanno"
"music","rock","Valdez, Williams and Meyer",198,"Houston","Ariana"
"music","rock","Valencia PLC",1758,"Jacques","Rosario"
"music","rock","Vance-Glover",1707,"Guichard","Shelly"
"music","rock","Vaughn, Hunt and Caldwell",1482,"Wagner","Martino"
"music","rock","Vega, Chan and Carney",988,"Normand","Bekir"
"music","rock","Vincent PLC",2139,"Siering","Maximilian"
"music","rock","Wallace LLC",751,"Shaw","Brigitta"
"music","rock","Watson-Douglas",2442,"Holzapfel","Ermenegildo"
"music","rock","Watts Group",3122,"Turner","Chad"
"music","rock","Welch Inc",415,"Mazzini","Cristal"
"music","rock","Young LLC",2005,"Ulibarri","Rachel"
"music","rock","Young PLC",3004,"Briones","Konrad"
"music","rock","Young, Hart and Ryan",341,"Hartung","Mohammad"
"music","world music","Gates PLC",2107,"Morrison","Hector"
"music","world music","Howard-Douglas",2040,"Charles","Lilija"
"music","world music","Soto-Anthony",1381,"Esquivel","Raffaella"
"photography","photography books","Adams, Walker and Wong",549,"Hentschel","Kathryn"
"photography","photography books","Bell PLC",2432,"Moore","Odette"
"photography","photography books","Brown-Pena",159,"Merino","Renee"
"photography","photography books","Brown-Vang",1348,"Schleich","Robin"
"photography","photography books","Burton-Watkins",1548,"Pratt","Octavio"
"photography","photography books","Butler, Henry and Espinoza",2333,"Ernst","Livia"
"photography","photography books","Caldwell PLC",959,"Bourdon","Pompeo"
"photography","photography books","Chung-Nguyen",338,"Duhamel","Ethan"
"photography","photography books","Clements Ltd",1378,"Cignaroli","Bonnie"
"photography","photography books","Curtis-Curtis",1344,"Middleton","Reina"
"photography","photography books","Davis-Allen",2793,"Anders","Daniel"
"photography","photography books","Diaz-Garcia",748,"Clark","Hilary"
"photography","photography books","Dixon, Perez and Banks",399,"Pulido","Damian"
"photography","photography books","Erickson-Rogers",461,"Stiffel","Jelena"
"photography","photography books","Foley-Cox",2284,"Neal","Lauretta"
"photography","photography books","Garcia Inc",709,"Heydrich","Giancarlo"
"photography","photography books","Gonzalez, Williams and Benson",1551,"Schmitt","Bozena"
"photography","photography books","Guerrero-Griffin",3054,"Rios","Emma"
"photography","photography books","Jackson-Brown",750,"Valenzuela","Biagio"
"photography","photography books","Johnson LLC",1558,"Delorme","Ernest"
"photography","photography books","King Ltd",1696,"Madrigal","Janet"
"photography","photography books","Maldonado-Gonzalez",1865,"Wallace","Jaqueline"
"photography","photography books","Olson-Bishop",2336,"Frey","Rebeca"
"photography","photography books","Porter-Hicks",1927,"Seifert","Natalia"
"photography","photography books","Robinson, Lopez and Christensen",449,"Soliz","Phillip"
"photography","photography books","Robles-Hudson",2391,"Pizzetti","Catalina"
"photography","photography books","Robles Ltd",2594,"Pininfarina","Damaris"
"photography","photography books","Rodriguez-Robinson",1951,"Girschner","Alberto"
"photography","photography books","Rodriguez, Anderson and Porter",1757,"Palacios","Nicolas"
"photography","photography books","Sanchez Ltd",503,"Oquendo","Miriam"
"photography","photography books","Sanders, Farley and Huffman",1563,"Mancini","Justine"
"photography","photography books","Stanton, Neal and Rodriguez",2819,"Anichini","Irene"
"photography","photography books","Sullivan, Davis and Booth",1549,"Benard","Isaac"
"photography","photography books","Swanson, Wilson and Baker",2339,"Cedillo","Agnolo"
"photography","photography books","Thompson-Moreno",1317,"Ho","Alec"
"photography","photography books","Vazquez, Ochoa and Clark",2701,"Giacometti","Bethan"
"photography","photography books","Walker Ltd",933,"Gosselin","Amico"
"photography","photography books","Walter Inc",806,"Burgess","Pia"
"photography","photography books","Ward PLC",2587,"Caron","Egon"
"photography","photography books","Watkins Ltd",2081,"Koch","Lucrezia"
"photography","photography books","White, Robertson and Roberts",1762,"Valdez","Esteban"
"photography","photography books","White, Torres and Bishop",60,"Knox","Stacey"
"publishing","fiction","Allen Inc",2865,"Little","Derrick"
"publishing","fiction","Austin, Baker and Kelley",2893,"Willis","Espartaco"
"publishing","fiction","Barrett PLC",468,"Buckley","Laura"
"publishing","fiction","Black, Armstrong and Anderson",2677,"Olivera","Gerald"
"publishing","fiction","Campbell, Thomas and Obrien",559,"Vigliotti","Susan"
"publishing","fiction","Johnson, Patterson and Montoya",3162,"Rossi","Nicola"
"publishing","fiction","Martin, Russell and Baker",1987,"Trincavelli","Iris"
"publishing","fiction","Morrow, Santiago and Soto",1652,"Kreusel","Edelgard"
"publishing","fiction","Murphy-Fox",2071,"Fouquet","Harry"
"publishing","fiction","Murphy PLC",2080,"Bray","Ilse"
"publishing","fiction","Pace, Simpson and Watkins",2609,"Ebert","Devin"
"publishing","fiction","Reid-Mccullough",91,"Graham","Jens"
"publishing","fiction","Rodriguez-Scott",576,"Collier","Michelle"
"publishing","fiction","Salazar-Dodson",2065,"Surian","Romeo"
"publishing","fiction","Sandoval-Powell",358,"Pruschke","Isabel"
"publishing","fiction","Shannon-Olson",1451,"Didier","Dolores"
"publishing","fiction","Taylor PLC",186,"Sosa","Ahmad"
"publishing","nonfiction","Alvarez-Bauer",322,"Barrera","Zeferino"
"publishing","nonfiction","Anderson, Williams and Cox",2693,"Riviere","Lucia"
"publishing","nonfiction","Barry Group",1034,"Burnett","Auguste"
"publishing","nonfiction","Cooke PLC",2423,"Collins","Mirjana"
"publishing","nonfiction","Ford LLC",2093,"Espino","Marcus"
"publishing","nonfiction","Gilmore LLC",397,"Chindamo","Kirsten"
"publishing","nonfiction","Gonzalez-Martinez",2497,"Scholl","Leonid"
"publishing","nonfiction","Hines Inc",1245,"Antoine","Sophie"
"publishing","nonfiction","Hudson-Nguyen",2713,"Raymond","Alma"
"publishing","nonfiction","Huff-Johnson",423,"Bohnbach","Christophe"
"publishing","nonfiction","Landry Group",1849,"Huang","Jose"
"publishing","nonfiction","Lane-Barber",487,"Jennings","Nathan"
"publishing","nonfiction","Miller-Patel",2901,"Cattaneo","Zaira"
"publishing","nonfiction","Miller Ltd",2489,"Infantino","Janice"
"publishing","nonfiction","Morales-Odonnell",1831,"Wohlgemut","Augustin"
"publishing","nonfiction","Ortiz Inc",2951,"Carroll","Gianna"
"publishing","nonfiction","Ortiz, Valenzuela and Collins",291,"Besnard","Christina"
"publishing","nonfiction","Parker-Morris",2510,"Padilla","Gabriela"
"publishing","nonfiction","Rodriguez, Cox and Rodriguez",1705,"Barkholz","Elisa"
"publishing","nonfiction","Silva-Hawkins",1746,"Garrett","Kristie"
"publishing","nonfiction","Warren-Harrison",521,"Wall","Alice"
"publishing","radio & podcasts","Cox Group",1575,"Rosselli","Livio"
"publishing","radio & podcasts","Gardner, Ryan and Gutierrez",1680,"Roy","Harald"
"publishing","radio & podcasts","Hart-Briggs",2869,"Klein","Luke"
"publishing","radio & podcasts","Jensen-Vargas",1623,"Cibin","Aldo"
"publishing","radio & podcasts","Jones-Gonzalez",2924,"Bauer","Fiorenzo"
"publishing","radio & podcasts","Mays LLC",3035,"Stewart","Cory"
"publishing","radio & podcasts","Rodriguez, Johnson and Jackson",182,"Dias","Agathe"
"publishing","radio & podcasts","Schmitt-Mendoza",2301,"Rivera","Tyler"
"publishing","translations","Anderson, Parks and Estrada",1261,"Pineau","Carin"
"publishing","translations","Avila-Nelson",211,"Gardner","Philippe"
"publishing","translations","Black-Graham",2122,"Dossi","Vito"
"publishing","translations","Blair Group",379,"Stanley","Tonino"
"publishing","translations","Bradley, Beck and Mayo",964,"Finzi","Roberta"
"publishing","translations","Clark Group",2821,"Guibert","Barbara"
"publishing","translations","Davis, Cox and Fox",1730,"Weiss","Aleksandr"
"publishing","translations","Frazier, Patrick and Smith",2791,"Joseph","Alejandra"
"publishing","translations","Gonzalez-Robbins",387,"Coulon","Metin"
"publishing","translations","Hale, Pearson and Jenkins",1006,"Chevalier","Cristina"
"publishing","translations","Hernandez Inc",2585,"Martel","Micaela"
"publishing","translations","Jordan-Wolfe",917,"Carrillo","Gunhild"
"publishing","translations","Leach, Rich and Price",1419,"Munoz","Guadalupe"
"publishing","translations","Levine, Martin and Hernandez",1093,"Savage","Editha"
"publishing","translations","Mason, Case and May",1809,"Weston","Mandy"
"publishing","translations","Montgomery, Larson and Spencer",2003,"Fritz","Denny"
"publishing","translations","Nichols Ltd",1139,"Huerta","Desiree"
"publishing","translations","Perez Group",195,"Linares","Severino"
"publishing","translations","Pugh LLC",2331,"Delahaye","Kevin"
"publishing","translations","Smith and Sons",1056,"Larsen","Guillermo"
"publishing","translations","Ward, Sanchez and Kemp",41,"Jimenez","Elena"
"technology","wearables","Bradshaw, Gill and Donovan",1213,"Steinberg","Susi"
"technology","wearables","Burns-Burnett",948,"Guerin","Imelda"
"technology","wearables","Carson PLC",1649,"Gamez","Belinda"
"technology","wearables","Cisneros-Burton",2480,"Traore","Branka"
"technology","wearables","Clark Inc",2322,"Gallagher","Bill"
"technology","wearables","Cole, Petty and Cameron",649,"Lachmann","Sabine"
"technology","wearables","Evans Group",3024,"Bolander","Antonino"
"technology","wearables","Fields-Moore",1882,"Lombardo","Adalberto"
"technology","wearables","Flores-Lambert",2808,"Mace","Sergius"
"technology","wearables","Flores, Miller and Johnson",2655,"Gomez","Jeremy"
"technology","wearables","Garcia Inc",3088,"Charpentier","Carolyn"
"technology","wearables","Garcia, Garcia and Lopez",462,"Joly","Pero"
"technology","wearables","Greene, Lloyd and Sims",400,"Carr","Caridad"
"technology","wearables","Grimes, Holland and Sloan",470,"Cowan","Travis"
"technology","wearables","Hamilton, Wright and Chavez",698,"Cordier","Zacharie"
"technology","wearables","Harper-Davis",2431,"Ayala","Gabrielle"
"technology","wearables","Hernandez-Grimes",2141,"Bruneau","Alessio"
"technology","wearables","Hill, Mccann and Moore",971,"Farmer","Alain"
"technology","wearables","Hopkins-Browning",302,"Samson","Xavier"
"technology","wearables","Hunter-Logan",1111,"Mitchell","Rotraud"
"technology","wearables","Jarvis and Sons",3187,"Volta","Sonia"
"technology","wearables","Jones, Wiley and Robbins",3027,"Tomaselli","Margot"
"technology","wearables","King Inc",1834,"Tijerina","Vicente"
"technology","wearables","Lawson and Sons",725,"Lawson","Lynn"
"technology","wearables","Lee PLC",1526,"Armenta","Guenther"
"technology","wearables","Lopez Inc",1363,"Erickson","Sara"
"technology","wearables","Lucero Group",2310,"Crawford","Lorraine"
"technology","wearables","Lyons LLC",2806,"Bradford","Amedeo"
"technology","wearables","Martin, Martin and Solis",1136,"Miller","Paulina"
"technology","wearables","Mason-Sanders",2556,"Johnson","Leopoldo"
"technology","wearables","Obrien and Sons",586,"Valencia","Reece"
"technology","wearables","Olsen, Edwards and Reid",2563,"Delgadillo","Monique"
"technology","wearables","Pacheco, Johnson and Torres",1732,"Gibilisco","William"
"technology","wearables","Ramos, Moreno and Lewis",2785,"Webb","Kim"
"technology","wearables","Reyes PLC",113,"Badoer","Jonas"
"technology","wearables","Rodriguez-West",2403,"Millet","Donatello"
"technology","wearables","Roy PLC",2101,"Luxardo","Justin"
"technology","wearables","Santos, Black and Donovan",1130,"Hoffmann","Kaylee"
"technology","wearables","Scott, Wilson and Martin",1019,"Novak","Brian"
"technology","wearables","Sims-Gross",33,"Velasquez","Matthew"
"technology","wearables","Taylor, Wood and Taylor",1656,"Thibault","Hiltrud"
"technology","wearables","Thomas-Lopez",298,"Wieloch","Bernardo"
"technology","wearables","Waters and Sons",2509,"Telesio","Beverley"
"technology","wearables","White, Larson and Wright",2198,"Kelly","Ian"
"technology","wearables","Wright, Hunt and Rowe",505,"Patel","Kerry"
"technology","web","Bell, Grimes and Kerr",1414,"Barillaro","Alexa"
"technology","web","Bruce Group",2164,"Trevisani","Karl"
"technology","web","Byrd Group",812,"Gonzales","Carmine"
"technology","web","Carter, Cole and Curtis",237,"Andersen","Katie"
"technology","web","Charles-Johnson",478,"Sullivan","Ottone"
"technology","web","Cisneros Ltd",2988,"Moulin","Beatriz"
"technology","web","Cooper, Stanley and Bryant",2293,"Rees","Mario"
"technology","web","Cordova Ltd",2916,"Gaggini","Pierina"
"technology","web","Cruz, Hall and Mason",685,"Lozano","Angelo"
"technology","web","Daniels, Rose and Tyler",2424,"Warner","Arnaude"
"technology","web","Dawson Group",1050,"Ullrich","Stella"
"technology","web","Diaz-Little",2028,"Angulo","Ippazio"
"technology","web","Edwards LLC",2077,"Murillo","Renato"
"technology","web","Figueroa Ltd",1410,"Weeks","Tristan"
"technology","web","Fleming, Zhang and Henderson",1106,"Wilson","Pedro"
"technology","web","Garcia, Dunn and Richardson",55,"Ocampo","Cameron"
"technology","web","Gonzalez-Snow",692,"Begue","Sevim"
"technology","web","Hanson Inc",580,"Etzold","Mary"
"technology","web","Henderson, Parker and Diaz",201,"Chambers","Branko"
"technology","web","Higgins, Davis and Salazar",266,"Aumann","Marc"
"technology","web","Hodges, Smith and Kelly",2259,"Lucero","Laurence"
"technology","web","Houston, Moore and Rogers",1015,"Preston","Juliette"
"technology","web","Jackson LLC",1302,"Guillen","Enrique"
"technology","web","Jones-Meyer",718,"Mueller","Gudrun"
"technology","web","Martin-James",1384,"Cruz","Alejandro"
"technology","web","Melton, Robinson and Fritz",1812,"Woods","Sofie"
"technology","web","Mills Group",2365,"Maillot","Ben"
"technology","web","Moreno Ltd",1338,"Gates","Allen"
"technology","web","Mosley-Gilbert",1291,"Ross","Bryan"
"technology","web","Nguyen Inc",497,"Medici","Karla"
"technology","web","Nunez-Richards",1368,"Pagliaro","Conchita"
"technology","web","Osborne, Perkins and Knox",797,"Gaillard","Salvador"
"technology","web","Petersen and Sons",2900,"Wood","Denise"
"technology","web","Powers, Smith and Deleon",212,"Vercelloni","Augusto"
"technology","web","Quinn, Cruz and Schmidt",1954,"Pinto","Raven"
"technology","web","Robbins Group",923,"Schacht","Evan"
"technology","web","Sanchez, Cross and Savage",1835,"Barbe","Gottfried"
"technology","web","Sellers, Roach and Garrison",1593,"Wang","Bernadette"
"technology","web","Shaw Ltd",1145,"Schmiedecke","Troy"
"technology","web","Smith, Brown and Davis",2185,"Knowles","Maximiliano"
"technology","web","Sparks-West",1969,"Fibonacci","Laurie"
"technology","web","Stevenson PLC",435,"Mendez","Yves"
"technology","web","Tran LLC",2589,"Sykes","Micheletto"
"technology","web","Turner, Miller and Francis",1522,"Fagotto","Lori"
"technology","web","Walters-Carter",1231,"Jackson","Gregory"
"technology","web","Wang, Silva and Byrd",2381,"Escalante","Guarino"
"technology","web","Ware-Arias",2352,"Olvera","Amelia"
"technology","web","Wiggins Ltd",910,"Clarke","Katarina"
"technology","web","Williams-Jones",3169,"Austin","Lucas"
"technology","web","Williams LLC",2554,"Morgan","Beate"
"technology","web","Wright LLC",2686,"Lindner","Durante"
"theater","plays","Acosta PLC",1219,"Gabbana","Herma"
"theater","plays","Adams-Rollins",3140,"Angiolello","Aurelia"
"theater","plays","Adams Group",2369,"Howell","Jason"
"theater","plays","Adams, Willis and Sanchez",2514,"Blanchet","Silvano"
"theater","plays","Allen Inc",1722,"Townsend","Mirko"
"theater","plays","Anderson-Pearson",348,"Bernard","Claudia"
"theater","plays","Anderson-Perez",2025,"Harris","Flora"
"theater","plays","Anderson-Pham",1339,"Palomo","Alonso"
"theater","plays","Anderson and Sons",3007,"Dorsey","Francisco"
"theater","plays","Anderson LLC",2288,"Perry","Shelley"
"theater","plays","Anthony-Shaw",1191,"Rogers","Denis"
"theater","plays","Ayala Group",1498,"Herrmann","Elliott"
"theater","plays","Bailey-Boyer",500,"Simpson","Ronald"
"theater","plays","Baker-Higgins",1307,"Schneider","Fortunata"
"theater","plays","Baker-Morris",3076,"Edwards","Luis"
"theater","plays","Baker, Morgan and Brown",2430,"Rudolph","David"
"theater","plays","Ball-Fisher",1073,"Tomasini","Pasquale"
"theater","plays","Ball LLC",1627,"Pereira","Evangelista"
"theater","plays","Barker Inc",676,"Hutchinson","Thomas"
"theater","plays","Barnett and Sons",260,"Govoni","Marcella"
"theater","plays","Beck-Knight",2280,"Daugherty","Manon"
"theater","plays","Beck, Thompson and Martinez",254,"Gilbert","Louis"
"theater","plays","Becker, Rice and White",835,"Key","Vincenza"
"theater","plays","Bell, Edwards and Andersen",2758,"Roberts","Hartwig"
"theater","plays","Benjamin, Paul and Ferguson",2648,"Laureano","Ricciotti"
"theater","plays","Bennett and Sons",1711,"Meyer","Martin"
"theater","plays","Berry-Boyer",1934,"Brown","Ubaldo"
"theater","plays","Berry-Cannon",1505,"Fletcher","Brunhilde"
"theater","plays","Blair, Collins and Carter",210,"Marenzio","Amalia"
"theater","plays","Blair, Reyes and Woods",691,"Palladio","Paul"
"theater","plays","Bolton, Sanchez and Carrillo",2343,"Wheeler","Juan"
"theater","plays","Bradford-Silva",1494,"Vivaldi","Emilia"
"theater","plays","Bradshaw, Smith and Ryan",2035,"Francis","Eva"
"theater","plays","Brady, Cortez and Rodriguez",3040,"Roero","Lorenzo"
"theater","plays","Brandt, Carter and Wood",1061,"Sollima","Esmeralda"
"theater","plays","Brooks, Jones and Ingram",2963,"Robertson","Hartmuth"
"theater","plays","Brown-Parker",763,"Wade","Franck"
"theater","plays","Brown and Sons",578,"Marcacci","Baccio"
"theater","plays","Brown Inc",2447,"Robinson","Cynthia"
"theater","plays","Brown Ltd",1303,"Baker","Leon"
"theater","plays","Brown Ltd",3139,"Mitschke","Corinne"
"theater","plays","Brown, Davies and Pacheco",206,"Hicks","Umberto"
"theater","plays","Brown, Estrada and Jensen",417,"Rose","Jacinto"
"theater","plays","Brown, Herring and Bass",3201,"Trobbiani","Jos"
"theater","plays","Butler-Barr",2402,"Adams","Sam"
"theater","plays","Butler LLC",2031,"Migliaccio","Gelsomina"
"theater","plays","Calderon, Bradford and Dean",3203,"Pascarella","Eloisa"
"theater","plays","Campbell, Brown and Powell",325,"Alba","Ingeborg"
"theater","plays","Carlson-Hernandez",536,"Fonseca","Omar"
"theater","plays","Carlson, Dixon and Jones",1174,"Butte","Judith"
"theater","plays","Carter-Guzman",2669,"Moon","Kayla"
"theater","plays","Case LLC",1586,"Montanariello","Svetlana"
"theater","plays","Charles Inc",374,"Weinhold","Erin"
"theater","plays","Chavez, Garcia and Cantu",1379,"Grossi","Christy"
"theater","plays","Chen, Pollard and Clarke",632,"Holsten","Oscar"
"theater","plays","Christian, Yates and Greer",480,"Ortega","Valerie"
"theater","plays","Clark-Bowman",2113,"Zambrano","Erica"
"theater","plays","Clark-Conrad",2244,"Jensen","Graziano"
"theater","plays","Clarke, Anderson and Lee",940,"Thanel","Gebhard"
"theater","plays","Cochran Ltd",539,"Renard","Fabrizia"
"theater","plays","Cole, Hernandez and Rodriguez",1205,"Delle","Carlos"
"theater","plays","Collier Inc",1747,"Parry","Filippo"
"theater","plays","Cook LLC",879,"Khan","Vanesa"
"theater","plays","Cooper LLC",2390,"Simmons","Alphons"
"theater","plays","Cordova-Torres",911,"Taccola","Pierluigi"
"theater","plays","Cordova, Shaw and Wang",32,"Blackburn","Ferdi"
"theater","plays","Cox LLC",2973,"Kim","Ryan"
"theater","plays","Crawford-Peters",1418,"Leiva","Rhys"
"theater","plays","Cruz-Ward",557,"Abbott","Sergio"
"theater","plays","David-Clark",1862,"Lorch","Wilfrido"
"theater","plays","Davidson, Wilcox and Lewis",2291,"Ortiz","Mauro"
"theater","plays","Davis-Gardner",1724,"Quinn","Luc"
"theater","plays","Davis-Rodriguez",1289,"Hellwig","Ashley"
"theater","plays","Davis-Smith",2030,"Olson","Brandon"
"theater","plays","Davis and Sons",3087,"Hale","Cristian"
"theater","plays","Davis Ltd",1143,"Moreno","Ivo"
"theater","plays","Davis, Crawford and Lopez",2614,"Hussain","Gionata"
"theater","plays","Dawson, Brady and Gilbert",1238,"Blanc","Rose"
"theater","plays","Dean, Fox and Phillips",1687,"Jockel","Hannah"
"theater","plays","Deleon and Sons",1265,"Acosta","Valentine"
"theater","plays","Drake PLC",962,"Henry","Frank"
"theater","plays","Duncan, Mcdonald and Miller",2936,"Kennedy","Heidelore"
"theater","plays","Edwards-Kane",1026,"Lambert","Alexandrie"
"theater","plays","Edwards-Lewis",2999,"Iglesias","Toralf"
"theater","plays","Ellis, Smith and Armstrong",3118,"Caccioppoli","Vittorio"
"theater","plays","Espinoza Group",2046,"Gracia","Manuel"
"theater","plays","Everett-Wolfe",564,"Stoppani","Tomislav"
"theater","plays","Ferguson, Collins and Mata",1748,"Cobb","Antonina"
"theater","plays","Fitzgerald Group",2357,"Massey","Gianpaolo"
"theater","plays","Flores PLC",2219,"Hanson","Brianna"
"theater","plays","Flowers and Sons",1488,"Weihmann","Roland"
"theater","plays","Floyd-Sims",3123,"Naccari","Ludger"
"theater","plays","Fowler-Smith",1427,"Chapman","Tania"
"theater","plays","Fox Ltd",316,"Alfieri","Randy"
"theater","plays","Frederick, Jenkins and Collins",944,"Jenkins","Rudolf"
"theater","plays","Fuentes LLC",1172,"Keller","Emmanuelle"
"theater","plays","Gallegos, Wagner and Gaines",1199,"Emanuelli","Allan"
"theater","plays","Garcia Group",2762,"Berthelot","Jean"
"theater","plays","Garcia Ltd",285,"Antonioni","Theres"
"theater","plays","Garcia PLC",1129,"Lacroix","Jeffery"
"theater","plays","Gardner Group",1625,"Sontag","Brenda"
"theater","plays","Garrison LLC",1085,"Davids","April"
"theater","plays","Garza-Bryant",1855,"Williams","Geoffrey"
"theater","plays","Gates, Li and Thompson",1571,"Trevisan","Adelgunde"
"theater","plays","Gibson-Hernandez",2847,"Leoncavallo","Ennio"
"theater","plays","Glass, Nunez and Mcdonald",2926,"Holmes","Zbigniew"
"theater","plays","Glover-Nelson",2019,"Diallo","Sharon"
"theater","plays","Gomez LLC",2279,"Wilms","Patrizia"
"theater","plays","Gonzalez-Burton",217,"Zimmer","Heather"
"theater","plays","Gordon PLC",3055,"Bowen","Ilaria"
"theater","plays","Greer and Sons",2197,"Ferraris","Edda"
"theater","plays","Gross PLC",1324,"Laboy","Tracey"
"theater","plays","Hall-Schaefer",1065,"Marin","Elias"
"theater","plays","Hall and Sons",1891,"Weller","Amber"
"theater","plays","Hall, Buchanan and Benton",974,"Almaraz","Nanni"
"theater","plays","Hall, Holmes and Walker",878,"Wagenknecht","Reynaldo"
"theater","plays","Hansen-Austin",2667,"Trevino","Sole"
"theater","plays","Hardin-Foley",752,"Hill","Paige"
"theater","plays","Harper-Bryan",2302,"Parpinel","Ruggero"
"theater","plays","Harris-Golden",822,"Querini","Florencia"
"theater","plays","Harris-Jennings",1803,"Haynes","Evelyn"
"theater","plays","Harris Group",2057,"Luna","Socorro"
"theater","plays","Harris Inc",876,"Zichichi","Eugenia"
"theater","plays","Harris, Hall and Harris",2500,"James","Manfred"
"theater","plays","Hayden Ltd",34,"Fioravanti","Franco"
"theater","plays","Hayden, Shannon and Stein",2286,"Laine","Josette"
"theater","plays","Haynes PLC",1340,"Kallert","Werner"
"theater","plays","Hebert Group",1373,"Striebitz","Olivia"
"theater","plays","Henderson Ltd",1582,"Beasley","Maik"
"theater","plays","Hernandez-Macdonald",1714,"Wiley","Jake"
"theater","plays","Hernandez, Rodriguez and Clark",29,"Ramazzotti","Tammy"
"theater","plays","Herrera-Wilson",2445,"Zamora","Ingolf"
"theater","plays","Herrera, Bennett and Silva",2494,"Gibbons","Dina"
"theater","plays","Herring-Bailey",636,"Chavez","Edeltraud"
"theater","plays","Hicks, Wall and Webb",2523,"Guyot","Roberto"
"theater","plays","Ho Ltd",2987,"Musatti","Austin"
"theater","plays","Horton, Morrison and Clark",407,"Sauvage","Simone"
"theater","plays","Howard Ltd",3097,"Giraud","Jennifer"
"theater","plays","Howard, Carter and Griffith",2241,"Esquibel","Rosmarie"
"theater","plays","Howell and Sons",78,"Cox","Antoinette"
"theater","plays","Huerta, Roberts and Dickerson",356,"Vidal","Graziella"
"theater","plays","Hughes Inc",2776,"Bustos","Wendy"
"theater","plays","Hughes, Mendez and Patterson",1875,"Mallet","Loretta"
"theater","plays","Hunt, Barker and Baker",785,"Vittadello","Marco"
"theater","plays","Huynh, Gallegos and Mills",1808,"Gutknecht","Etta"
"theater","plays","Jackson-Lewis",2034,"Ruiz","Greca"
"theater","plays","Jackson, Martinez and Ray",2940,"Adinolfi","Dulce"
"theater","plays","Jensen-Brown",117,"Hurst","Kenneth"
"theater","plays","Johns-Thomas",3081,"Salcedo","Clayton"
"theater","plays","Johnson-Contreras",353,"Barber","Liliana"
"theater","plays","Johnson-Gould",875,"King","Stephanie"
"theater","plays","Johnson Inc",3011,"Lara","Natasha"
"theater","plays","Johnson, Dixon and Zimmerman",544,"Howard","Geza"
"theater","plays","Johnson, Turner and Carroll",1300,"Serna","Gretchen"
"theater","plays","Jones-Watson",1486,"Kitzmann","Puccio"
"theater","plays","Jones PLC",2032,"Guillon","Patricio"
"theater","plays","Jones, Casey and Jones",108,"Leger","Damien"
"theater","plays","Jones, Contreras and Burnett",2354,"Vecellio","Teresa"
"theater","plays","Jordan-Fischer",1889,"Fantozzi","Yuridia"
"theater","plays","Jordan, Schneider and Hall",127,"Travaglio","Nadia"
"theater","plays","Joseph LLC",1354,"Reuter","Claudio"
"theater","plays","Kelly-Colon",2837,"Rico","Nath"
"theater","plays","Kelly PLC",426,"Andre","Richard"
"theater","plays","Kennedy-Miller",120,"Berry","Santiago"
"theater","plays","Kim-Rice",170,"Lane","John"
"theater","plays","King-Morris",1216,"Schwartz","Thierry"
"theater","plays","King LLC",1148,"Richards","Georges"
"theater","plays","Klein, Stark and Livingston",2338,"Strong","Johanne"
"theater","plays","Knox-Garner",834,"Gumprich","Maurice"
"theater","plays","Kramer Group",656,"Gurule","Phyllis"
"theater","plays","Lamb Inc",2294,"Walls","Marguerite"
"theater","plays","Larsen-Chung",385,"Anderson","Christian"
"theater","plays","Larson-Little",1365,"Sorgatz","Samuel"
"theater","plays","Le, Burton and Evans",2647,"Hamilton","Gerardo"
"theater","plays","Lee-Cobb",865,"Petruzzi","Leo"
"theater","plays","Lee and Sons",270,"Coardi","Marlen"
"theater","plays","Lee LLC",2835,"Dominguez","Emmanuel"
"theater","plays","Lee, Gibson and Morgan",188,"Cortez","Dawn"
"theater","plays","Leonard-Mcclain",1285,"Santiago","Jerry"
"theater","plays","Lewis-Jacobson",2316,"McLean","Virginie"
"theater","plays","Lewis and Sons",780,"Rubio","Felix"
"theater","plays","Lewis, Taylor and Rivers",1693,"Taylor","Hortense"
"theater","plays","Lopez-King",965,"Renaud","Marisa"
"theater","plays","Lopez and Sons",2657,"Greer","Rebecca"
"theater","plays","Lopez, Adams and Johnson",326,"Lowe","Samantha"
"theater","plays","Lopez, Reid and Johnson",314,"Duke","Charlotte"
"theater","plays","Lowery Group",1496,"Proietti","Gavin"
"theater","plays","Lowery, Hayden and Cruz",534,"Corradi","Pascual"
"theater","plays","Lucas, Hall and Bonilla",53,"Bonnin","Serafina"
"theater","plays","Luna-Horne",333,"Washington","Leila"
"theater","plays","Lynch Ltd",749,"Comboni","Fridolin"
"theater","plays","Marks Ltd",1743,"Hall","Eleanor"
"theater","plays","Martin, Conway and Larsen",2459,"Faivre","Glen"
"theater","plays","Martin, Gates and Holt",31,"Marks","Ansaldo"
"theater","plays","Martin, Lopez and Hunter",377,"Hamon","Rodney"
"theater","plays","Martinez Inc",331,"Davies","Angelina"
"theater","plays","Martinez LLC",854,"Bourgeois","Heiko"
"theater","plays","Martinez LLC",2060,"Pohl","Alfred"
"theater","plays","Martinez Ltd",3130,"Karge","Federigo"
"theater","plays","Martinez, Gomez and Dalton",1952,"Reynaud","Donald"
"theater","plays","Mathis-Rodriguez",627,"Toro","Rosalia"
"theater","plays","Mathis, Hall and Hansen",290,"Noel","Adrian"
"theater","plays","Mcbride PLC",367,"Romo","Noelia"
"theater","plays","Mcclain LLC",1769,"Arroyo","Andrea"
"theater","plays","Mcclure LLC",84,"Porzio","Dylan"
"theater","plays","Mccoy Ltd",3150,"Segovia","Estela"
"theater","plays","Mercer, Solomon and Singleton",2446,"Cugia","Elsa"
"theater","plays","Meza, Kirby and Patel",1210,"Fabre","Enrico"
"theater","plays","Michael, Anderson and Vincent",3192,"Carranza","Griselda"
"theater","plays","Miller-Hubbard",1171,"Salgado","Diethard"
"theater","plays","Mills-Roy",702,"Sauer","Kurt"
"theater","plays","Mora-Bradley",2570,"Cook","Gerda"
"theater","plays","Moran and Sons",2579,"Deleon","Isabella"
"theater","plays","Moreno-Turner",963,"Valle","Rupert"
"theater","plays","Morgan-Jenkins",2476,"Schwital","Gioele"
"theater","plays","Moses-Terry",978,"Germano","Jacqueline"
"theater","plays","Moss-Obrien",960,"Pineda","Alan"
"theater","plays","Moss, Norman and Dunlap",2730,"Rolland","Liam"
"theater","plays","Munoz, Cherry and Bell",1097,"Salazar","Arthur"
"theater","plays","Murphy-Farrell",1244,"Villareal","Blanka"
"theater","plays","Navarro and Sons",2834,"Powell","Friedl"
"theater","plays","Nelson, Smith and Graham",220,"Carriera","Ruby"
"theater","plays","Nguyen and Sons",2206,"Leclercq","Ellinor"
"theater","plays","Nolan, Smith and Sanchez",3064,"Berengario","Lydia"
"theater","plays","Nunez-Richards",1114,"Geisel","Ariadna"
"theater","plays","Obrien-Aguirre",164,"Singh","Vincent"
"theater","plays","Ortega LLC",1651,"Cornejo","Gilbert"
"theater","plays","Owens-Le",657,"Pena","Birgit"
"theater","plays","Palmer Ltd",851,"Cafarchia","Ludovico"
"theater","plays","Parker Group",1055,"Jones","Brett"
"theater","plays","Parker PLC",238,"Gucci","Henry"
"theater","plays","Patterson-Johnson",2047,"Mielcarek","Sean"
"theater","plays","Patterson, Salinas and Lucas",2413,"Gough","Scott"
"theater","plays","Payne, Garrett and Thomas",418,"Roman","Alfio"
"theater","plays","Peck, Higgins and Smith",2566,"Bouvet","Giacomo"
"theater","plays","Perez-Hess",2283,"Palmer","Amanda"
"theater","plays","Perez PLC",2239,"Coleman","Tonia"
"theater","plays","Perez PLC",436,"Rowley","Claudine"
"theater","plays","Perez, Brown and Meyers",2779,"Bonneau","Susanna"
"theater","plays","Perez, Johnson and Gardner",601,"Benavides","Caleb"
"theater","plays","Perez, Reed and Lee",501,"Douglas","Todd"
"theater","plays","Peters-Nelson",932,"Rosemann","Aurore"
"theater","plays","Petersen-Rodriguez",1810,"Amaldi","Ettore"
"theater","plays","Pitts-Reed",2495,"Grenier","Dietmar"
"theater","plays","Pratt LLC",2105,"Cainero","Alicia"
"theater","plays","Ramirez-Calderon",2678,"Lefevre","Shannon"
"theater","plays","Ramirez, Padilla and Barrera",2508,"Klapp","Jack"
"theater","plays","Ramos-Mitchell",2743,"Morales","Alison"
"theater","plays","Reid-Day",662,"Lollobrigida","Lilia"
"theater","plays","Reilly, Aguirre and Johnson",1779,"Kambs","Reingard"
"theater","plays","Rice-Parker",2790,"Guidotti","Johnathan"
"theater","plays","Rich, Alvarez and King",790,"Meraz","Brandy"
"theater","plays","Richards-Davis",2981,"David","Kendra"
"theater","plays","Richards, Stevens and Fleming",2652,"Nguyen","Maria"
"theater","plays","Richardson, Woodward and Hansen",2938,"Michaud","Joe"
"theater","plays","Riley, Cohen and Goodman",3149,"Fernandez","Shane"
"theater","plays","Roberts Group",2582,"Figueroa","Perla"
"theater","plays","Robinson-Kelly",1918,"Cimarosa","Josh"
"theater","plays","Robles, Bell and Gonzalez",277,"Serrano","Alexandre"
"theater","plays","Romero-Hoffman",1905,"Prieto","Mariano"
"theater","plays","Rosales LLC",687,"Dehmel","Camillo"
"theater","plays","Ross Group",939,"Farinelli","Kaitlyn"
"theater","plays","Rowland PLC",2607,"Briggs","Giacinto"
"theater","plays","Rush, Reed and Hall",2547,"Cardenas","Pierre"
"theater","plays","Russell-Gardner",434,"Morvan","Mesut"
"theater","plays","Sanders-Allen",1225,"Faulkner","Clelia"
"theater","plays","Santana-George",2818,"Bernardi","Darren"
"theater","plays","Santos, Williams and Brown",114,"Patterson","Elaine"
"theater","plays","Saunders Group",921,"Pierce","Hazel"
"theater","plays","Serrano, Gallagher and Griffith",1253,"Peron","Ann"
"theater","plays","Sheppard, Smith and Spence",1729,"West","Dragica"
"theater","plays","Silva, Walker and Martin",452,"Gulotta","Letizia"
"theater","plays","Simmons-Reynolds",711,"Murphy","Itzel"
"theater","plays","Singleton Ltd",1854,"Garcia","Heiderose"
"theater","plays","Skinner PLC",2777,"Beyer","Gastone"
"theater","plays","Small-Fuentes",2454,"Montalvo","Stanislaw"
"theater","plays","Smith-Hess",1607,"Petrucelli","Olivier"
"theater","plays","Smith-Jenkins",3113,"Butler","Carla"
"theater","plays","Smith-Mullins",2551,"Lemonnier","Stefano"
"theater","plays","Smith-Powell",2968,"Magrassi","Toni"
"theater","plays","Smith-Schmidt",109,"Trujillo","Mercedes"
"theater","plays","Smith-Sparks",930,"Borrego","Lolita"
"theater","plays","Smith-Wallace",3172,"Guardado","Cornelio"
"theater","plays","Smith, Jackson and Herrera",2851,"Terragni","Lisa"
"theater","plays","Smith, Love and Smith",2062,"Piacentini","Serena"
"theater","plays","Smith, Mack and Williams",2242,"Poerio","Reiner"
"theater","plays","Smith, Scott and Rodriguez",2240,"Pace","Anouk"
"theater","plays","Soto LLC",2885,"Caldera","Martyn"
"theater","plays","Spence, Jackson and Kelly",2576,"Tapia","Meryem"
"theater","plays","Spencer-Bates",2653,"Snyder","Yolanda"
"theater","plays","Spencer-Weber",3104,"Vaca","Philippine"
"theater","plays","Stewart Inc",2560,"Lewis","Lewis"
"theater","plays","Stone-Orozco",1358,"Tacchini","Emine"
"theater","plays","Stone PLC",2764,"Wulf","Adriano"
"theater","plays","Strickland Group",3020,"Pertile","Fanny"
"theater","plays","Summers PLC",1359,"Canova","Melinda"
"theater","plays","Sutton PLC",3062,"Ojeda","Victoria"
"theater","plays","Tapia, Kramer and Hicks",2852,"Krein","Guido"
"theater","plays","Tate, Bass and House",2137,"Castro","Abelardo"
"theater","plays","Taylor-Rowe",1349,"Hiller","Christine"
"theater","plays","Taylor PLC",1670,"Sinisi","June"
"theater","plays","Thomas and Sons",2440,"Brooks","Ramona"
"theater","plays","Thomas Ltd",2134,"Lee","Giuseppe"
"theater","plays","Thompson LLC",1417,"Pollard","Adina"
"theater","plays","Todd, Freeman and Henry",2603,"Merle","Lea"
"theater","plays","Townsend Ltd",3114,"Couturier","Rodolfo"
"theater","plays","Tucker, Fox and Green",3146,"Griffiths","Fiona"
"theater","plays","Tucker, Mccoy and Marquez",1330,"Cadena","Anastasie"
"theater","plays","Tucker, Schmidt and Reid",2957,"Gierschner","Silvia"
"theater","plays","Turner-Davis",390,"Castellitto","Jonathan"
"theater","plays","Turner-Terrell",443,"Remy","Calcedonio"
"theater","plays","Valdez Ltd",1823,"Mortati","Rico"
"theater","plays","Valenzuela, Davidson and Castro",2529,"Camiscione","Slobodan"
"theater","plays","Vargas, Banks and Palmer",2515,"Huet","Mattia"
"theater","plays","Villanueva, Wright and Richardson",3157,"Sorrentino","Mateo"
"theater","plays","Walker-Taylor",906,"Verdugo","Chelsea"
"theater","plays","Walker, Jones and Rodriguez",2036,"Tate","Jemma"
"theater","plays","Weaver-Marquez",1038,"Oliver","Hugues"
"theater","plays","Weaver Ltd",221,"Tran","Brittany"
"theater","plays","Webb Group",23,"Renzi","Eloy"
"theater","plays","Weber Inc",251,"Johann","Karolin"
"theater","plays","White-Obrien",265,"Davenport","Emilio"
"theater","plays","White-Rosario",1949,"Jordan","Craig"
"theater","plays","White LLC",597,"Drubin","Bianca"
"theater","plays","White LLC",595,"Hughes","Reginald"
"theater","plays","White, Pena and Calhoun",167,"Campos","Enzio"
"theater","plays","White, Singleton and Zimmerman",2468,"Bell","Daniela"
"theater","plays","Whitehead, Bell and Hughes",2171,"Villarreal","Frida"
"theater","plays","Williams-Ramirez",546,"Barrientos","Katherina"
"theater","plays","Williams Inc",121,"Descamps","Michael"
"theater","plays","Williams, Carter and Gonzalez",537,"Gunpf","Gerd"
"theater","plays","Williams, Martin and Meyer",488,"Noble","Julian"
"theater","plays","Williams, Orozco and Gomez",513,"Lamborghini","Rosl"
"theater","plays","Williams, Perez and Villegas",2944,"Bender","Marcelle"
"theater","plays","Wilson, Jefferson and Anderson",761,"Nicolini","Mirco"
"theater","plays","Wise and Sons",2606,"Vasari","Lawrence"
"theater","plays","Wise, Thompson and Allen",2964,"Voisin","Antje"
"theater","plays","Wood, Buckley and Meza",1818,"Textor","Alwina"
"theater","plays","Woods-Clark",87,"Caetani","Virginia"
"theater","plays","Wright, Fox and Marks",2395,"Boyd","Cheryl"
"theater","plays","Yang and Sons",2415,"Oneal","Marliese"
"theater","plays","York-Pitts",1944,"Snow","Anne"
"theater","plays","York, Barr and Grant",1255,"Burns","Donatella"
"theater","plays","Young, Ramsey and Powell",1229,"Higgins","Coriolano"
